name01#0,"""Polytan"""
text01_1#0,"""Times Up! Great job! Well now, shall we check your scores?"""
text01_2#0,"""Oh! High Score updated! Congratulations!"""
text01_3#0,"""Everyone who participated will get a reward. Don't forget to pick it up!"""
text02_1#0,"""Times Up! Great job! Well now, shall we check your scores?"""
text02_2#0,"""Aww, too bad! You didn't get a High Score. Don't give up, challenge us again!"""
text02_3#0,"""Everyone who participated will get a reward. Don't forget to pick it up!"""
