name01#0,"""Hitsugi"""
name02#0,"""Xiera"""
skit01#0,"""/ci1 2 This one is moving fast, too fast! If we can stop them in place somehow, we can attack easier!"""
skit02#0,"""According to the reading, I doubt you'll be able to stop it. If you can concentrate attacks on one area, maybe you can stun it!"""
skit01#1,"""This one is moving fast, too fast! If we can stop them in place somehow, we can attack easier!"""
skit02#1,"""According to the reading, I doubt you'll be able to stop it. If you can concentrate attacks on one area, maybe you can stun it!"""
