name01#0,"""Karin"""
skit01#0,"""Alright, 5 stages clear!<br>I was able to get lots of good data!"""
skit02#0,"""You can now take some of the<br>virtual items, depending on how well<br>you performed! Go ahead, take what you'd like!"""
skit03#0,"""Why can't you take all of them?<br>Sorry, but the reproduction technology can only handle a few things at once..."""
skit04#0,"""Anyway, that doesn't matter!<br>Please grab the items you want from the extreme terminal!"""
linewindow#0,"""<br>到達ステージがあわないため、踏破報酬は入手できませんでした<br>"""
