name01#0,"""Ardem"""
name02#0,"""Xiera"""
skit01#0,"""/ci1 It appears the phantoms are causing destruction in various parts of Las Vegas. Please destroy every last one of them."""
skit02#0,"""/ci1 I've placed the location of the enemies onto the map! Please hurry and stop them!"""
skit01#1,"""It appears the phantoms are causing destruction in various parts of Las Vegas. Please destroy every last one of them."""
skit02#1,"""I've placed the location of the enemies onto the map! Please hurry and stop them!"""
