HeatSource#0,"""Confirmed a large number<br>of heat sources. Please,<br>proceed with caution."""
Geomagnetism#0,"""Detecting a high density of<br>geomagnetic fluctuations.<br>Please, prepare for contingencies."""
DestroyEnemy1#0,"""Detected a large number of moving targets!<br>Please be on the lookout nearby!"""
DestroyEnemy2#0,"""We're picking up a large number of readings!<br>Please, pay attention to your surroundings!"""
DestroyEnemy3#0,"""Picking up a large number of readings!<br>Please, be extra careful in this area!"""
EscapeEnemy1#0,"""We're getting readings from a<br>target we need to investigate!"""
EscapeEnemy2#0,"""Confirmed readings from a target<br>we need to investigate. Please,<br>be aware of contingencies!"""
EscapeEnemy3#0,"""A target we need to investigate<br>may be lurking in the vicinity.<br>Please, bear this in mind."""
DestroyBoss1#0,"""An extremely powerful heat<br>source has been detected!<br>Please, be careful!"""
DestroyBoss2#0,"""Confirmed strange heat<br>source readings! Don't<br>let your guard down!"""
DestroyBoss3#0,"""A powerful heat source<br>is approaching! Please,<br>pay attention!"""
DefenceAllyAPC1#0,"""There seem to be ARKS engaged in combat in the nearby area."""
DefenceAllyAPC2#0,"""ARKS appear to be engaged in battle in the area."""
DefenceAllyAPC3#0,"""Combat readings? There seem to be ARKS in the area..."""
Smallman1#0,"""/face6 What are these tiny readings...?"""
Smallman2#0,"""/face6 I wonder what these<br>tiny readings are...?"""
Smallman3#0,"""It might be my imagination, but<br>we've confirmed tiny readings."""
DarkerIncident1#0,"""The photon factor is<br>climbing! Beware of Darkers!"""
DarkerIncident2#0,"""Environmental patterns are on the<br>rise! Please, be cautious of Darkers!"""
DarkerIncident3#0,"""Spacial pattern estimates are<br>fluctuating! Beware of Darkers!"""
Door_Cave1#0,"""Something is odd about<br>this enemy activity.<br>Please, take care."""
Door_Cave2#0,"""Something strange is going<br>on amongst the enemy forces.<br>Please, bear this in mind."""
Door_Cave3#0,"""There's something strange<br>about this enemy activity.<br>Something might be happening."""
Door_Urban1#0,"""System malfunctions detected!<br>Be aware of malfunctioning<br>defense equipment!"""
Door_Urban2#0,"""Error code detected!<br>Please be mindful of<br>malfunctions and the like!"""
Door_Urban3#0,"""Abnormal behavior has been<br>confirmed! Pay attention to the<br>behavior of defense equipment too!"""
DragonFellows1#0,"""Some spots around here<br>don't have a stable footing.<br>Please, watch your step."""
DragonFellows2#0,"""Fittingly enough, some of the Skyscape area's footing seems to be unstable."""
DragonFellows3#0,"""Be sure to keep track of both your<br>location and that of stable ground."""
DragonFellowsB1#0,"""It seems this area is similar to the Skyscape area."""
DragonFellowsB2#0,"""I'm getting abnormal readings from the flooring here."""
DragonFellowsB3#0,"""/face6 それにしても、不思議な惑星です。<br>どうしてこんな岩が宙に浮かんで<br>いられるのでしょう"""
DeliveryA1#0,"""I've picked up indications of rare insect fossils in the area."""
DeliveryA2#0,"""We have intel that suggests unusual<br>insect fossils are around here, but..."""
DeliveryA3#0,"""There are lots of insect fossils<br>in this area, so numerous survey<br>missions are being carried out."""
DeliveryB1#0,"""These readings are all over<br>the place... Just what is this?<br>Something feels wrong here."""
DeliveryB2#0,"""Strange readings all over the<br>place... What on earth is this?"""
DeliveryB3#0,"""These readings are odd...<br>They're small... For Darkers."""
DeliveryC1#0,"""There are many valuable<br>resources in this area."""
DeliveryC2#0,"""/face2 さすがは資源の豊富な惑星ですね。<br>各所に顕著な反応があります。"""
DeliveryC3#0,"""We're getting readings<br>from resources, just<br>like the rumors said."""
Mining1#0,"""Detected photon readings nearby.<br>Seems to be coming from the ground."""
Mining2#0,"""Photon readings nearby.<br>I think... from the ground?"""
Mining3#0,"""There's photon readings in the area.<br>They're coming from the ground."""
Door_Ruin1#0,"""Seems like the equipment around<br>you is still functioning. Please,<br>don't let your guard down."""
Door_Ruin2#0,"""The equipment here is still<br>functioning. Watch out for<br>things happening around you."""
Door_Ruin3#0,"""Confirmed that equipment is<br>operational. Please, be careful."""
Capture1#0,"""Readings from targets to<br>capture have been detected!"""
Capture2#0,"""Spotted readings from<br>targets to capture!"""
Capture3#0,"""Getting readings<br>from targets to<br>capture nearby!"""
DestroyAPC1#0,"""Spotted an unknown heat<br>source! Please take care!"""
DestroyAPC2#0,"""Confirmed unidentified heat<br>source! Please pay attention!"""
DestroyAPC3#0,"""There's an unidentified<br>heat source present!<br>Please be careful!"""
SmallmanMsg1#0,"""It seems that recently there have been reports of Lillipans directly interacting with ARKS."""
SmallmanMsg2#0,"""Speaking of which, I wonder how Lillipans communicate..."""
SmallmanMsg3#0,"""My subordinates are looking into it, but there's still a lot we don't know about the Lillipans."""
FortAttack1#0,"""Your destination is beyond that gate, but it appears to be under Darker influence."""
FortAttack2#0,"""The portal to the next area is up ahead. Be careful, I'm picking up strong enemy readings."""
FortAttack3#0,"""The portal is close, but something doesn't seem right. Be careful."""
ShellFlower1#0,"""The coast area has many shell flowers. How these strange plants came to evolve is entirely unknown."""
ShellFlower2#0,"""The shell flowers scattered throughout the area behave differently between night and day. Be careful."""
ShellFlower3#0,"""The shell flowers are quite strange. It's hard to believe such things can occur naturally."""
SmallmanHomeDefense1#0,"""Lillipan settlements have been confirmed in the vicinity of the abandoned quarry."""
SmallmanHomeDefense2#0,"""Water sources have also been confirmed in the vicinity of the abandoned quarry. That must be why the Lillipans made their settlements here."""
SmallmanHomeDefense3#0,"""The mechs seem to attack the Lillipan settlements often. If you encounter any settlements under attack, please lend them aid."""
SmallmanJunkSpot1#0,"""A lot of junk seems to be scattered throughout the area."""
SmallmanJunkSpot2#0,"""It's common to see Lillipans scavenging in the junk. I wonder what they're looking for."""
SmallmanJunkSpot3#0,"""Maybe all this junk that's useless to us is precious to the Lillipans."""
Umincyu_kiki1patu1#0,"""/face1 原生住民が近くにいるようですね。<br>何をしているんでしょうか。"""
Umincyu_kiki1patu2#0,"""/face1 このあたりには、原生住民にとっての<br>天敵も存在しているようですね。<br>だからあまり近寄らないとか。"""
Umincyu_kiki1patu3#0,"""/face1 この反応……もしかして<br>周囲に原生住民がいませんか？"""
Slimevanish1#0,"""/face1 不定形の生物が固まって<br>落ちてくる場所があるようです。"""
Slimevanish2#0,"""/face1 不定形の生物というのも<br>珍しいものですね。"""
Slimevanish3#0,"""/face1 生物の反応があります。<br>これは、空中に何か不定形の……？"""
AliceAlly1#0,"""アークスが近くにいるようです。<br>反応がちょっとヘンな気がしますが……"""
OrakioAlly1#0,"""アークスが近くにいるようです。<br>反応がちょっとヘンな気がしますが……"""
SessionOrakioAlly1#0,"""近辺にアークスの反応が二つあります。<br>パーティを組んでいるようですが<br>少し、反応がヘンな気も……"""
SessionOrakioAlly2#0,"""……いえ、気のせいみたいです。<br>そのまま進行し、可能であれば<br>協力してあげてください。"""
castleterror1#0,"""Variation Test1"""
castleterror2#0,"""Variation Test2"""
castleterror3#0,"""Variation Test3"""
whitegiant1#0,"""It's weak, but we've confirmed an enemy reaction. The Shironians seem to be preparing to sortie. Please be careful."""
whitegiant2#0,"""It's weak, but we've confirmed an enemy reaction. The Shironians are also on alert. Everyone, be aware of changes in the situation."""
whitegiant3#0,"""We've confirmed a weak enemy reaction. The Shironians seem to be on the move. Everyone, please be careful."""
nyau1#0,"""この反応は……なんでしょう。<br>不思議なパターンが確認されています。<br>一応、警戒をお願いします。"""
nyau2#0,"""正体不明の反応があります。<br>Darkersではないようですが……<br>一応、留意しておいてください。"""
nyau3#0,"""出たり消えたり、不思議な反応が<br>確認されています。<br>一応、気をつけてください。"""
Destroy_pirateship1#0,"""Variation Test1"""
Destroy_pirateship2#0,"""Variation Test2"""
Destroy_pirateship3#0,"""Variation Test3"""
BossAnnihilationMOarfish1#0,"""テスト１"""
BossAnnihilationMOarfish2#0,"""テスト２"""
BossAnnihilationMOarfish3#0,"""テスト３"""
NagisaAlly1#0,"""We're detecting someone nearby.<br>It seems humanoid...<br>but not quite like an ARKS operative...?"""
AsaiAlly1#0,"""この付近に戦闘中と思われる<br>アークスの反応があります。"""
AsaiAlly2#0,"""エリア周辺に反応を検知しました。<br>交戦中のアークスが居るようです。"""
AsaiAlly3#0,"""周囲に反応あり。<br>交戦中のアークスのようです。"""
collabo1Ally1#0,"""この付近に戦闘中と思われる<br>アークスの反応があります。"""
collabo1Ally2#0,"""エリア周辺に反応を検知しました。<br>交戦中のアークスが居るようです。"""
collabo1Ally3#0,"""周囲に反応あり。<br>交戦中のアークスのようです。"""
Sessioncollabo1Ally1#0,"""近辺にアークスの反応が二つあります。<br>パーティを組んでいるようですが<br>少し、反応がヘンな気も……"""
ThunderHell1#0,"""周辺で多数の雷鳴を観測しました。<br>状況に合わない異常な数値です！<br>警戒を怠らないでください。"""
ThunderHell2#0,"""強力な放電現象を探知しました。<br>黒の民と関係があるかもしれません。<br>周辺に注意してください！"""
ThunderHell3#0,"""非常に強い電場の発生を感知！<br>周囲への警戒を強めてください！"""
SessionasaiAlly1#0,"""近辺にアークスの反応が二つあります。<br>パーティを組んでいるようですが<br>少し、反応がヘンな気も……"""
SessionnewafinAlly1#0,"""近辺にアークスの反応が二つあります。<br>パーティを組んでいるようですが<br>少し、反応がヘンな気も……"""
annihilation_rappyemp#0,"""敵性反応とは違う反応を確認。<br>巨影の目撃情報も来ています。<br>周辺に注意してください！"""
DestroyEnemy1#1,"""There's a great number of moving heat sources.<br>Don't get careless now."""
DestroyEnemy2#1,"""Detecting a large number of moving heat sources.<br>Watch yourselves."""
DestroyEnemy3#1,"""Confirmed a large number of readings.<br>Be on the lookout."""
EscapeEnemy1#1,"""Got readings from a target<br>we need to investigate. Be<br>alert, it might show up."""
EscapeEnemy2#1,"""Confirmed readings from a target<br>we need to investigate. I'll contact<br>you again when I know the details."""
EscapeEnemy3#1,"""I've come across readings from a<br>target we need to investigate. Keep<br>a close eye on events around you."""
DestroyBoss1#1,"""We've confirmed a strange heat<br>source. Be careful, it's huge."""
DestroyBoss2#1,"""Confirmed readings from a strange<br>heat source. This thing's huge!"""
DestroyBoss3#1,"""Getting powerful heat source<br>readings from this thing. Don't<br>let your guard down, this is huge."""
DefenceAllyAPC1#1,"""This signal... Are there other ARKS?"""
DefenceAllyAPC2#1,"""There are signs of battle in the surrounding area.<br>Other ARKS might be around somewhere."""
DefenceAllyAPC3#1,"""Are other ARKS engaged in combat?<br>Be careful, just in case."""
Smallman1#1,"""What are these tiny readings?"""
Smallman2#1,"""These readings... A person?<br>It can't be something small then."""
Smallman3#1,"""I don't think I'm imagining this...<br>Just what are these tiny readings?"""
DarkerIncident1#1,"""These spacial pattern<br>estimates... Darkers?"""
DarkerIncident2#1,"""Hmm... the signs are pointing<br>to a Darker outbreak."""
DarkerIncident3#1,"""Environmental patterns<br>are changing... are<br>Darkers inbound?"""
Door_Cave1#1,"""There's odd enemy activity...<br>Be careful, just in case."""
Door_Cave2#1,"""Enemy activity is strange.<br>Don't let your guard down."""
Door_Cave3#1,"""Getting strange enemy readings...<br>Something might be up, stay vigilant."""
Door_Urban1#1,"""Tch, the system's broke<br>down? Careful, defense<br>systems are malfunctioning."""
Door_Urban2#1,"""A system error... What a pain.<br>Pay attention to the behaviour<br>of the defense systems."""
Door_Urban3#1,"""... System's destabilized. Watch out<br>for defense system activity."""
DragonFellows1#1,"""Normal common sense doesn't work in the Skyscape. Watch where you step."""
DragonFellows2#1,"""Anything can happen around here.<br>Footing's not stable either. Careful."""
DragonFellows3#1,"""Be careful, it looks like even more<br>of the ground is likely to fall away."""
DragonFellowsB1#1,"""This place seems as unstable as the rest of the Skyscape. Watch your footing."""
DragonFellowsB2#1,"""Be careful! Just like the Skyscape, the flooring can give way any time."""
DragonFellowsB3#1,"""The floors are unstable here. The fall won't be bad, but please be careful."""
DeliveryA1#1,"""Oh, yes, come to think of it,<br>there appear to be rare insect<br>fossils or something in the area."""
DeliveryA2#1,"""Did you know? Unusual insect<br>fossils or something appear to<br>have been discovered in the area."""
DeliveryA3#1,"""Looks like there are occasional<br>surveys searching for things like<br>rare insect fossils around here."""
DeliveryB1#1,"""The readings are going<br>to pieces... What the...?<br>Is its body breaking apart?"""
DeliveryB2#1,"""Getting strange readings here<br>and there. Are they... Darkers?<br>No, they're smaller than that."""
DeliveryB3#1,"""Strange readings all over the<br>place. Are these things carrying<br>something? What is it?"""
DeliveryC1#1,"""Hmm, this planet is indeed rich in<br>resources. These valuable resource<br>readings are really something."""
DeliveryC2#1,"""Looks like there's a motherlode<br>of valuable resources just<br>lying around in the vicinity."""
DeliveryC3#1,"""These readings... they're not<br>enemies. I see... we've collected<br>some valuable resources!"""
Mining1#1,"""Detected photon readings in the<br>area. Seems to be from the ground."""
Mining2#1,"""Photon readings detected nearby.<br>They're coming from the ground."""
Mining3#1,"""Confirmed photon readings close<br>by... I see, they're from the ground."""
Door_Ruin1#1,"""There's readings from<br>equipment nearby. Careful,<br>still seems operational."""
Door_Ruin2#1,"""The readings from this equipment...<br>Be careful, and proceed with caution."""
Door_Ruin3#1,"""The equipment still seems to be<br>running. Pay attention. You might<br>get dragged into something here."""
Capture1#1,"""Detecting readings from<br>targets we want to capture.<br>I'll track down the details."""
Capture2#1,"""Confirmed readings from<br>targets we want to capture.<br>They might be in the area."""
Capture3#1,"""These readings... they're coming<br>from close by. Might be from<br>targets we'd like you to capture."""
DestroyAPC1#1,"""Detecting an unknown heat<br>source. How odd... watch out."""
DestroyAPC2#1,"""Confirmed an unknown heat source.<br>... Careful, something's strange here."""
DestroyAPC3#1,"""There's an unidentified<br>heat source present...<br>Is someone there?"""
SmallmanMsg1#1,"""It seem there have been lots of reports of Lillipans directly interacting with ARKS lately."""
SmallmanMsg2#1,"""Speaking of which, I wonder how Lillipans communicate..."""
SmallmanMsg3#1,"""/face6 リリーパ族、か。<br>どんな経緯でこの星に<br>住み始めたのだろう。"""
FortAttack1#1,"""I'm detecting a portal nearby. ...Strong Darker responses are increasing!"""
FortAttack2#1,"""The way to the next area is up ahead. Darker responses are increasing as well."""
FortAttack3#1,"""I'm picking up a lot of Dragonkin. Careful, the gate is also under the influence of Darkers."""
ShellFlower1#1,"""The coast area has many mysterious plant-like objects called shell flowers."""
ShellFlower2#1,"""The shell flowers change their behavior between night and day. If you're clever, it's possible to use them to hurt hostiles too."""
ShellFlower3#1,"""I don't think these flowers are natural. They look almost as if they've been twisted from their original form."""
SmallmanHomeDefense1#1,"""This should definitely be the area where the Lillipans established settlements."""
SmallmanHomeDefense2#1,"""The Lillipans must have settled here because there's water in the area. It seems water is truly precious on this planet."""
SmallmanHomeDefense3#1,"""There are a few reports of a certain monument in the area. It seems to be a some kind of symbol to the Lillipans, though we don't know what it means to them."""
SmallmanJunkSpot1#1,"""Everything scattered throughout the area... it's all just junk."""
SmallmanJunkSpot2#1,"""All the junk in this area must look like mountains of treasure to the Lillipans."""
SmallmanJunkSpot3#1,"""Recently, there have been many reports of raids on the Lillipans. Help them as much as you can."""
Umincyu_kiki1patu1#1,"""/face1 このあたりには、かの原生住民の<br>天敵が存在するらしいな。"""
Umincyu_kiki1patu2#1,"""/face1 周囲にあるこの反応……<br>原生住民のようだが<br>何をしているんだ。"""
Umincyu_kiki1patu3#1,"""/face1 もし、襲われている原生住民を<br>見かけたら、助けてやれ。<br>それもアークスの責務だ。"""
Slimevanish1#1,"""/face1 これは……不定形生物の反応か？<br>周辺を警戒しろ。"""
Slimevanish2#1,"""/face1 奇妙な反応が出ている。<br>周囲状況をしっかり確認しろ。"""
Slimevanish3#1,"""/face1 不安定な反応があるな……<br>気をつけろ、来るかもしれないぞ。"""
AliceAlly1#1,"""We're detecting nearby ARKS. However,<br>the energy reading feels off...<br>Keep your guard up."""
OrakioAlly1#1,"""We're detecting nearby ARKS. However,<br>the energy reading feels off...<br>Please keep in mind."""
SessionOrakioAlly1#1,"""近辺にアークスの反応が二つあります。<br>パーティを組んでいるようですが<br>少し、反応がヘンな気も……"""
SessionOrakioAlly2#1,"""……いえ、気のせいみたいです。<br>そのまま進行し、可能であれば<br>協力してあげてください。"""
castleterror1#1,"""パラメータに異常値……？<br>街に存在する灯籠からか？<br>気をつけろ、何かあるぞ。"""
castleterror2#1,"""街の灯籠の周囲に異常反応を確認。<br>……各員、警戒しろ。<br>何が起きるかわからんぞ。"""
castleterror3#1,"""各員、周囲を警戒しろ。<br>まだ影響はないようだが、街の灯籠に<br>異常な反応が集まっている。"""
whitegiant1#1,"""Enemy reaction is increasing. The Shironians are preparing to sortie. Everyone, be ready to meet them."""
whitegiant2#1,"""Enemy reaction confirmed. Something may be approaching. Be wary. The Shironians are also on alert."""
whitegiant3#1,"""The Shironians seem to be on the move. Do you sense an enemy reaction...? Be careful out there."""
nyau1#1,"""不可思議な反応だな……<br>敵性反応とも、味方の反応とも言えん。<br>一応、警戒はしておくといい。"""
nyau2#1,"""反応は出ているのだが……<br>なんともいえん、変な反応だ。<br>留意だけはしておけ。"""
nyau3#1,"""付近で、変な反応が確認された。<br>変、としか言いようのない反応だ。<br>各員、一応気をつけておけ。"""
Destroy_pirateship1#1,"""海中に高エネルギー反応を感知。<br>何か出てくるかもしれないぞ。<br>各員、警戒を怠るな。"""
Destroy_pirateship2#1,"""海中に高エネルギー反応を感知。<br>何か出てくるかもしれないぞ。<br>各員、警戒を怠るな。"""
Destroy_pirateship3#1,"""海中に高エネルギー反応を感知。<br>何か出てくるかもしれないぞ。<br>各員、警戒を怠るな。"""
BossAnnihilationMOarfish1#1,"""何が潜んでいるのか……？<br>強力な反応が確認されている。<br>各員、気を付けて動け。"""
BossAnnihilationMOarfish2#1,"""何が潜んでいるのか……？<br>強力な反応が確認されている。<br>各員、気を付けて動け。"""
BossAnnihilationMOarfish3#1,"""何が潜んでいるのか……？<br>強力な反応が確認されている。<br>各員、気を付けて動け。"""
NagisaAlly1#1,"""周囲に人の反応を感知……<br>だが、アークスとは異なるか？<br>一応、留意しておけ。"""
AsaiAlly1#1,"""周囲にアークスの反応を感知……<br>戦闘中のようだな。<br>一応、留意しておけ。"""
AsaiAlly2#1,"""交戦中のアークスがいるようだな。<br>周辺に反応がある。<br>念のため、留意しておけ。"""
AsaiAlly3#1,"""アークスの反応を感知した。<br>周辺で戦闘中のようだ。注意しておけ。"""
collabo1Ally1#1,"""周囲にアークスの反応を感知……<br>戦闘中のようだな。<br>一応、留意しておけ。"""
collabo1Ally2#1,"""交戦中のアークスがいるようだな。<br>周辺に反応がある。<br>念のため、留意しておけ。"""
collabo1Ally3#1,"""アークスの反応を感知した。<br>周辺で戦闘中のようだ。注意しておけ。"""
Sessioncollabo1Ally1#1,"""近くにアークスの反応が二つあるな。<br>パーティを組んでいるようだが……<br>どうも妙な感じがするな。"""
DarkHell1#0,"""光源の明滅現象を確認した。<br>黒の民の動きにも違和感がある。<br>各員、警戒を怠るなよ。"""
DarkHell2#0,"""光源が作為的に消されているようだな。<br>現段階での目的は不明だが、意味のない<br>動きではなさそうだ。油断するなよ。"""
DarkHell3#0,"""黒の民の動きが妙だな……<br>光源低下と関係があるかもしれん。<br>各員、注意しておけ。"""
SessionasaiAlly1#1,"""近くにアークスの反応が二つあるな。<br>パーティを組んでいるようだが……<br>どうも妙な感じがするな。"""
SessionnewafinAlly1#1,"""近くにアークスの反応が二つあるな。<br>パーティを組んでいるようだが……<br>どうも妙な感じがするな。"""
annihilation_rappyemp#1,"""敵性反応ではない反応を検知した。<br>周辺で巨大な影の目撃報告もきている。<br>注意を怠るなよ。"""
DestroyEnemy1#2,"""We're seeing many moving readings!<br>Please be careful!"""
DestroyEnemy2#2,"""Umm, there's a lot of readings?<br>Be careful, be really careful!"""
DestroyEnemy3#2,"""T-these readings! Something's heading this way!<br>...Probably!"""
EscapeEnemy1#2,"""/face2 調査対象の反応びんびんです！<br>これは来ちゃう！\u3000来ちゃうかも！"""
EscapeEnemy2#2,"""/face2 おおっ、これはいいですよー！<br>調査対象の反応があります！"""
EscapeEnemy3#2,"""/face2 いーい反応出てますよー！<br>調査対象さん、そのまま来て－！"""
DestroyBoss1#2,"""Wow, what an incredible heat<br>source! P-please be careful!"""
DestroyBoss2#2,"""What... What are these readings?<br>They're incredibly... hot...!"""
DestroyBoss3#2,"""This heat source sure<br>is strange! Please<br>be extra careful!"""
DefenceAllyAPC1#2,"""Hmm... what's this? This signal...<br>There's someone nearby, possibly?"""
DefenceAllyAPC2#2,"""What's this, other ARKS? Maybe they're somewhere close by."""
DefenceAllyAPC3#2,"""Are there other ARKS nearby? This signal looks like the real deal!"""
Smallman1#2,"""Mm... I wonder what these<br>tiny little readings are..."""
Smallman2#2,"""Oh... What's this? How<br>strange, I thought I saw<br>some tiny readings..."""
Smallman3#2,"""Mmm... some tiny<br>readings appeared<br>and vanished just now..."""
DarkerIncident1#2,"""Waaa... these readings,<br>they're Darkers?"""
DarkerIncident2#2,"""Something maybe might be<br>coming! A great darkness!"""
DarkerIncident3#2,"""This is similar to Darkers...<br>But, not quite like them..."""
Door_Cave1#2,"""Mmm, enemy activity<br>sure is strange..."""
Door_Cave2#2,"""There's been some suspicious<br>movement... please be a bit careful."""
Door_Cave3#2,"""I've got a bit of a bad feeling<br>about this. Please be careful!"""
Door_Urban1#2,"""Wow, the system's<br>in bad shape... Watch<br>out for malfunctions!"""
Door_Urban2#2,"""Gah... why can't we control it?<br>Be mindful of your surroundings!"""
Door_Urban3#2,"""Huh? Huhhh? Huhhhhhhh? I-it may<br>be malfunctioning or something!"""
DragonFellows1#2,"""Wow, this is really scary!<br>Please be careful!"""
DragonFellows2#2,"""What the!? The ground over there<br>seems to be moving on its own!"""
DragonFellows3#2,"""Huh? Didn't we see a landmass<br>just like that a while back...?"""
DragonFellowsB1#2,"""Huh? I'm getting a massive reading here!"""
DragonFellowsB2#2,"""/face2 ま、また勝手に動く足場ですー！<br>まるでアトラクション！"""
DragonFellowsB3#2,"""What? There was a strange blip on the map. Something may have changed."""
DeliveryA1#2,"""/face2 Hehe, what do we have here!?<br>Looks like unusual insect fossils!"""
DeliveryA2#2,"""/face2 Did you know? Did you know?<br>There seems to be rare<br>insect fossils around here!"""
DeliveryA3#2,"""/face2 Here's a bit of good news!<br>There seems to be unusual<br>insect fossils in the area!"""
DeliveryB1#2,"""/face4 There's solid data here and<br>there... What it is, I don't know!"""
DeliveryB2#2,"""Strange, are there<br>rocks shaped like<br>eggs around there?"""
DeliveryB3#2,"""Sensing readings of some<br>strange material... It's similar<br>to Darkers, but it feels different."""
DeliveryC1#2,"""/face2 Wow, these stats are totally<br>amazing! There's a lot of<br>valuable resources here!"""
DeliveryC2#2,"""/face2 Here and there...! Incredibly<br>valuable resource data is<br>coming from everywhere!"""
DeliveryC3#2,"""/face2 These readings are more than<br>mere rumor! It feels like valuable resources are just lying around!"""
Mining1#2,"""Ambient photon readings!<br>They're from the ground?"""
Mining2#2,"""Nearby photon readings!<br>Hm, from the ground, maybe?"""
Mining3#2,"""/face2 Really really strong photon readings!<br>Looks like they're from the ground!"""
Door_Ruin1#2,"""T-this equipment's<br>still running! Please<br>do be careful!"""
Door_Ruin2#2,"""It looks like the equipment's still<br>operational! P-please be careful!"""
Door_Ruin3#2,"""These readings... running equipment?<br>S-something might be happening!"""
Capture1#2,"""We caught readings from<br>targets we want to capture!<br>Maybe they'll show themselves!"""
Capture2#2,"""Capture target readings confirmed!<br>This may just be what we're after!"""
Capture3#2,"""Please be on the lookout!<br>We've got readings from<br>targets we want to capture!"""
DestroyAPC1#2,"""An unidentified heat source?<br>P-please, be careful!"""
DestroyAPC2#2,"""Unidentified readings<br>confirmed! S-something may<br>or may not be coming!"""
DestroyAPC3#2,"""There's an unidentified<br>heat source! What<br>is this, exactly?"""
SmallmanMsg1#2,"""Have you heard the rumors? Recently there have been more and more sighting of the Lillipans."""
SmallmanMsg2#2,"""/face6 I wonder how the Lillipans communicate... Maybe there's someone who can talk to them?"""
SmallmanMsg3#2,"""/face2 The Lillipans are soooo cuuuuuute! I want to be friends with them!"""
FortAttack1#2,"""The exit's close. I'm getting a lot of readings, so be careful!"""
FortAttack2#2,"""Yikes! Is that coming from the gate? I'm reading a number of Darkers closing in, too..."""
FortAttack3#2,"""The exit is near! Get ready, you may have incoming enemies!"""
ShellFlower1#2,"""There!\u3000Those flower-like things scattered all around the coast area! Those are called shell flowers!"""
ShellFlower2#2,"""You'll run into shell flowers on the coast a lot. They can release poison and burst into flames, so be careful!"""
ShellFlower3#2,"""Shell flowers are strange plants, aren't they? How they evolved to be able to spew venom and explode is beyond me."""
SmallmanHomeDefense1#2,"""It looks like there have been a lot of reports coming in about Lillipan settlements getting attacked recently. I'm worried about them."""
SmallmanHomeDefense2#2,"""Since this area has water, it must be easier for the Lillipans to live here than other places on the planet."""
SmallmanHomeDefense3#2,"""Since their settlements are so vulnerable, they have to keep moving, but it looks like they've prepared a lot of different sites."""
SmallmanJunkSpot1#2,"""The Lillipans are pretty handy. They seem to have made tools out of the junk they've gathered."""
SmallmanJunkSpot2#2,"""This place sure has a lot of junk, doesn't it? These must be mountains of gold to them!"""
SmallmanJunkSpot3#2,"""It seems that tons of Lillipans have made their homes here! You'll probably run across them from time to time!"""
Umincyu_kiki1patu1#2,"""/face1 Everyone, it seems that something is coming, in this area..."""
Umincyu_kiki1patu2#2,"""/face1 うーん、このあたりには<br>原生住民のみなさんにとっての<br>天敵がいるって聞いたようなー……"""
Umincyu_kiki1patu3#2,"""/face1 あれ、こんなところに<br>原生住民の反応……ってこれ<br>なんだか危ない感じかも！"""
Slimevanish1#2,"""/face1 このあたりでは、時々ヘンテコなのが<br>集まって、ぴちゃっと落ちてくることが<br>あるみたいですよー。"""
Slimevanish2#2,"""/face1 噂に聞くヘンテコなのって<br>どのぐらいぬめっとしてるんでしょう。<br>ちょっと気になりますねー。"""
Slimevanish3#2,"""/face1 な、なんだかヘンな反応があります！<br>これ、どこからだろ……天井？"""
AliceAlly1#2,"""おやおやっ、近くに<br>他のアークスさんがいるみたいですよ！<br>……これ、アークスの反応ですよねぇ？"""
OrakioAlly1#2,"""おやおやっ、近くに<br>他のアークスさんがいるみたいですよ！<br>……これ、アークスの反応ですよねぇ？"""
SessionOrakioAlly1#2,"""近辺にアークスの反応が二つあります。<br>パーティを組んでいるようですが<br>少し、反応がヘンな気も……"""
SessionOrakioAlly2#2,"""……いえ、気のせいみたいです。<br>そのまま進行し、可能であれば<br>協力してあげてください。"""
castleterror1#2,"""Variation Test1"""
castleterror2#2,"""Variation Test2"""
castleterror3#2,"""Variation Test3"""
whitegiant1#2,"""Oh my, the Shironians are preparing to sortie. Is something there?"""
whitegiant2#2,"""Hmmm, is this an enemy reaction? The Shironians seem to be wary of it. Everyone, pay attention!"""
whitegiant3#2,"""Ah, the Shironians are on the move? Maybe there's an enemy...? Everyone, please be careful!"""
nyau1#2,"""んー……なんだかヘンテコな反応……<br>Darkersではないんですけどー<br>とにかく、ヘンな反応があります！"""
nyau2#2,"""あっ、何だか反応が出てます！<br>でもこれ何の反応だかわかりません！<br>とりあえず、ふわっと注意注意です！"""
nyau3#2,"""周囲に反応があるんですが……<br>なんだかとってもヘンな反応です。<br>念のため、気をつけてくださいー！"""
Destroy_pirateship1#2,"""Variation Test1"""
Destroy_pirateship2#2,"""Variation Test2"""
Destroy_pirateship3#2,"""Variation Test3"""
BossAnnihilationMOarfish1#2,"""テスト１"""
BossAnnihilationMOarfish2#2,"""テスト２"""
BossAnnihilationMOarfish3#2,"""テスト３"""
NagisaAlly1#2,"""むむむっ、近くになにやら<br>誰かがいそうな反応ですよ！<br>……でもこれ、アークスじゃないかも？"""
AsaiAlly1#2,"""むむむっ、アークスの反応ですよ！<br>近くで戦闘しているのかも？"""
AsaiAlly2#2,"""どうやら、この周辺で<br>アークスが戦ってるみたいですよー！<br>注意してくださーい。"""
AsaiAlly3#2,"""あれれ？\u3000この反応……アークスです。<br>もしかして戦ってるかも！"""
collabo1Ally1#2,"""むむむっ、アークスの反応ですよ！<br>近くで戦闘しているのかも？"""
collabo1Ally2#2,"""どうやら、この周辺で<br>アークスが戦ってるみたいですよー！<br>注意してくださーい。"""
collabo1Ally3#2,"""あれれ？\u3000この反応……アークスです。<br>もしかして戦ってるかも！"""
Sessioncollabo1Ally1#2,"""おやおやっ、近くにアークスの反応が<br>二つあるみたいですよー！<br>でも、ちょっとヘンな反応ですねぇ。"""
IceHell1#0,"""わわっ、みなさん大丈夫ですか！？<br>気温がどんどん下がっていますー！<br>注意してくださーい！"""
IceHell2#0,"""あれ？\u3000あれれれれ？<br>すごく気温が下がっていってる？<br>なんとなーく気を付けてくださーい！"""
IceHell3#0,"""んんー、黒の民さんの動きや反応が<br>なんだか怪しい感じですよ……<br>急な気温低下と関係があるかもです！"""
SessionasaiAlly1#2,"""おやおやっ、近くにアークスの反応が<br>二つあるみたいですよー！<br>でも、ちょっとヘンな反応ですねぇ。"""
SessionnewafinAlly1#2,"""おやおやっ、近くにアークスの反応が<br>二つあるみたいですよー！<br>でも、ちょっとヘンな反応ですねぇ。"""
annihilation_rappyemp#2,"""あれ？\u3000大きな反応がありますよ？<br>確か大きな影の目撃情報もありますし<br>ちょーっと、気になりますよー。"""
DestroyEnemy1#3,"""動体熱源、多数感知。<br>警戒を。"""
DestroyEnemy2#3,"""Attention, detecting multiple<br>energy signatures."""
DestroyEnemy3#3,"""周囲状況に警戒。<br>多数の反応が感知されました。"""
DestroyBoss1#3,"""強力な反応を感知。<br>周囲を警戒してください。"""
DestroyBoss2#3,"""異常な反応を感知。<br>注意が必要です。"""
DestroyBoss3#3,"""周囲への警戒を強めてください。<br>強力な反応が感知されています。"""
DefenceAllyAPC1#3,"""交戦中のアークスの反応を感知。<br>近くに居るようです。"""
DefenceAllyAPC2#3,"""アークスの反応を感知。<br>周辺で交戦中の模様です。"""
DefenceAllyAPC3#3,"""周辺状況のデータから見るに<br>付近に交戦中のアークスが<br>存在するようです。"""
DarkerIncident1#3,"""Darkersの出現予兆を感知。<br>気をつけてください。"""
DarkerIncident2#3,"""パラメータの異常値を感知。<br>Darkersの出現に警戒を。"""
DarkerIncident3#3,"""各種計測値に異常あり……<br>Darkersが来るかもしれません。"""
Capture1#3,"""要捕獲対象の反応を感知。"""
Capture2#3,"""要捕獲対象の反応が<br>見られました。<br>周囲を確認してみてください。"""
Capture3#3,"""要捕獲対象の反応を<br>瞬間的ながらも、感知しました。<br>周囲に潜んでいるかもしれません。"""
castleterror1#3,"""異常なエネルギー反応を感知。<br>街に点在する灯籠周辺からです。<br>各員、警戒を。"""
castleterror2#3,"""街の灯籠周辺より異常値を検出。<br>各員、周辺状況の変化に注意を。<br>警戒を強めてください。"""
castleterror3#3,"""パラメータの異常値を感知。<br>街の灯籠周辺より確認。<br>各員、注意を。"""
whitegiant1#3,"""敵性反応出現の兆候を感知。<br>白の民の戦士も出撃体勢です。<br>各員、警戒を。"""
whitegiant2#3,"""敵性反応の出現兆候を感知しました。<br>白の民の戦士も警戒態勢のようです。<br>各員、周辺状況の変化に注意を。"""
whitegiant3#3,"""白の民が臨戦態勢をとっています。<br>現在の敵性反応は微弱ですが、あるいは<br>間もなく出現するかもしれません。"""
nyau1#3,"""A mysterious reading has appeared. It's not a strong response, but keep an eye out for it."""
nyau2#3,"""We're sensing an unknown weak presence. Please be aware and watch your six."""
nyau3#3,"""We're detecting a strange reading. It's neither friendly nor hostile. Please be careful."""
Destroy_pirateship1#3,"""Sensing high-energy responses in the area.<br>All ARKS stay alert in the vicinity."""
Destroy_pirateship2#3,"""Sensing high-energy responses in the area.<br>All ARKS stay alert in the vicinity."""
Destroy_pirateship3#3,"""Sensing high-energy responses in the area.<br>All ARKS stay alert in the vicinity."""
BossAnnihilationMOarfish1#3,"""強力な反応を感知。<br>敵性反応の可能性、大。<br>各員、警戒を。"""
BossAnnihilationMOarfish2#3,"""強力な反応を感知。<br>敵性反応の可能性、大。<br>各員、警戒を。"""
BossAnnihilationMOarfish3#3,"""強力な反応を感知。<br>敵性反応の可能性、大。<br>各員、警戒を。"""
NagisaAlly1#3,"""Detecting a humanoid presence...<br>However, it does not match known<br>ARKS signatures. Be aware."""
AsaiAlly1#3,"""付近にアークスの反応を感知。<br>戦闘中のようです。留意を。"""
AsaiAlly2#3,"""交戦中のアークスの反応を検知。<br>周辺エリアに居ます。<br>ご認識を。"""
AsaiAlly3#3,"""アークスの反応を感知。<br>周辺エリアで戦闘中のようです。<br>留意を。"""
collabo1Ally1#3,"""付近にアークスの反応を感知。<br>戦闘中のようです。留意を。"""
collabo1Ally2#3,"""交戦中のアークスの反応を検知。<br>周辺エリアに居ます。<br>ご認識を。"""
collabo1Ally3#3,"""アークスの反応を感知。<br>周辺エリアで戦闘中のようです。<br>留意を。"""
Sessioncollabo1Ally1#3,"""付近にアークスの反応を二つ感知。<br>協力体制を組んでいるようです。<br>反応が普段とは異なります。留意を。"""
SessionasaiAlly1#3,"""付近にアークスの反応を二つ感知。<br>協力体制を組んでいるようです。<br>反応が普段とは異なります。留意を。"""
SessionnewafinAlly1#3,"""付近にアークスの反応を二つ感知。<br>協力体制を組んでいるようです。<br>反応が普段とは異なります。留意を。"""
annihilation_rappyemp#3,"""敵性反応ではない、反応を検知。<br>周辺で巨大な影の目撃報告があります。<br>留意してください。"""
DestroyEnemy1#4,"""怪しげな反応を感知しています！<br>周囲警戒、要注意ですよ！"""
DestroyEnemy2#4,"""怪しげな反応を感知しています！<br>周囲警戒、要注意ですよ！"""
DestroyEnemy3#4,"""怪しげな反応を感知しています！<br>周囲警戒、要注意ですよ！"""
DestroyBoss1#4,"""強力な反応を感知しました！<br>周辺の状況変化に警戒してください！"""
DestroyBoss2#4,"""異常な反応を確認しました！<br>なかなか大物っぽいですね……！"""
DestroyBoss3#4,"""周辺、警戒してください！<br>不審な反応があります！"""
DefenceAllyAPC1#4,"""近くにアークスの反応あり！<br>どうやら交戦中みたいですよ！"""
DefenceAllyAPC2#4,"""アークスの反応を感知！<br>この近くで戦ってるみたいです！"""
DefenceAllyAPC3#4,"""交戦中の反応がありますね……<br>見つけたら、協力してあげてください！"""
nyau1#4,"""There's a strange response... What is this... Be on your guard."""
nyau2#4,"""We're detecting an unidentified energy pattern. We're investigating what it could be, but readings indicate it's an unknown fluffy creature."""
nyau3#4,"""This response is rather fishy, it keeps fluctuating... I have a funny feeling about this. Stay alert and keep an eye out."""
annihilation_rappyemp#4,"""Detecting a huge response. There was a report of a mysterious shadow following ARKS. Be on alert!"""
Bsschase1#0,"""交通ルールはきちんと守りましょう！<br>……何言ってるんだって思うかもですが<br>何かありそうな気がするんですよね。"""
Bsschase2#0,"""道路状況はよさそうですけど……<br>ちょっと、妙な反応も見え隠れ。<br>気をつけてくださいね！"""
Bsschase3#0,"""ここに普通の車両はいないはずですが<br>幻創種として突然何かが飛び出てきたり<br>するかもしれません、要注意です！"""
fantasy_mob1#0,"""Ether responses are spiking.<br>Something's coming... maybe."""
DefenceHeli1#0,"""Patrol in flight..."""
DefenceHeli2#0,"""Patrolling the area..."""
DefenceHeli3#0,"""Patrolling..."""
DefenceHeliEX1#0,"""This is bad... the fuselage is..."""
DefenceHeliEX2#0,"""The fuselage is shot..."""
DefenceHeliEX3#0,"""Time for maintenance...?"""
DefenceHeli1#1,"""Just on patrol〜!"""
DefenceHeli2#1,"""Doing mah rounds〜!"""
DefenceHeli3#1,"""Feeling good. Gonna do more rounds!"""
DefenceHeliEX1#1,"""What the- Something's wrong with my instruments!"""
DefenceHeliEX2#1,"""Somethings not right, hold together!"""
DefenceHeliEX3#1,"""Shouldn't have skipped maint..."""
DefenceHeli1#2,"""Time to start my patrol!"""
DefenceHeli2#2,"""I think I'll patrol!"""
DefenceHeli3#2,"""Patrolling, and then more patrolling!"""
DefenceHeliEX1#2,"""Something seems broken..."""
DefenceHeliEX2#2,"""This isn't good."""
DefenceHeliEX3#2,"""But we just had maintenance!"""
DefenceNauraA#0,"""......The whole universe is nothing but idiots."""
DefenceNauraB#0,"""......We didn't ask for your help."""
DefenceNauraC#0,"""......I can't rely on anyone anymore."""
DefenceNauraA#1,"""Hawa, wawawa！\u3000S-someone!"""
DefenceNauraB#1,"""This is d-, this is dangerous! This is way too dangerous!"""
DefenceNauraC#1,"""S-someone! Someone please help us!"""
DefenceNauraA#2,"""I'm getting all fired up from being chased, but... someone help us!"""
DefenceNauraB#2,"""Sorry for joking around! Someone, anyone!"""
DefenceNauraC#2,"""It's getting really bad! Save me, my prince!"""
