IncidentName#0,"""Defeat the $(0)"""
TrialBeginMsg#0,"""Defeat the $(0)!"""
TrialAbstract#0,"""Defeat the $(0)!"""
NpcComOnBegin#0,"""H-huh? Did I put this in the training program...? That's odd... Well anyway you have no choice but to beat it!"""
NpcComOnSuccess#0,"""Ahh, could this be...? W-well anyway, nice fighting! Good job!"""
NpcComOnFailure#0,"""I-is everyone ok...?"""
HP_Under_50#0,"""$(0) is steadily weakening!"""
HP_Under_10#0,"""It looks like $(0) can only stand a little more!"""
NpcComLastEnemy#0,"""One more remaining!"""
