IncidentName#0,"""Attack the impostor ARKS?"""
TrialBeginMsg#0,"""Defeat all of the <br>impostor ARKS?!"""
TrialAbstract#0,"""Defeat all of the <br>impostor ARKS?!"""
NpcComOnBegin#0,"""This reaction... ARKS?<br>...No! It's a Darker impostor!<br>Please prepare to intercept!"""
NpcComOnSuccess#0,"""Enemy reaction vanished.<br>No need to continue following up.<br>Please continue the mission."""
NpcComOnBegin#1,"""/face3 This reaction... it's a fake!<br>Prepare to intercept and annihilate!"""
NpcComOnSuccess#1,"""/face6 The enemy is... gone?<br>I'm making sure, so please just<br>continue your mission."""
NpcComOnBegin#2,"""Oh, uhm... ARKS? ...Wait, it isn't?!<br>It's impersonating ARKS...<br>Uh, please intercept!"""
NpcComOnSuccess#2,"""/face6 Target enemy response... lost.<br>Please continue your original mission.<br>No need to follow up."""
