IncidentName#0,"""Defeat the $(0)!"""
TrialBeginMsg#0,"""Defeat the $(0)!"""
TrialAbstract#0,"""Dispel the magic and<br>suppress the $(0)!"""
NpcComOnBegin#0,"""強力な敵性反応を確認。<br>光量が一ヶ所に収縮している。<br>視界が狭まるぞ。注意しろ。"""
NpcComOnSuccess#0,"""敵性反応、消失。<br>各員の努力に感謝する。"""
NpcComOnHint#0,"""どこかに光を吸収している<br>存在がいるはずだ。<br>見つけ出し、速やかに排除しろ。"""
NpcComOnChance#0,"""光量が正常値まで回復。<br>今だ、敵本体を攻撃しろ！"""
