IncidentName#0,"""Defend the Lillipans!"""
TrialBeginMsg#0,"""Protect the endangered Lillipans!"""
TrialAbstract#0,"""Protect the endangered Lillipans!"""
NpcComOnBegin#0,"""/face4 ああっ！\u3000リリーパ族がなにかの<br>装置に挟まれてしまっていますー！<br>た、助けてあげてください！"""
NpcComOnAfterBegin#0,"""/face4 敵さんの攻撃が当たると危険です！<br>リリーパ族が自力で脱出するまで<br>守ってあげてくださいー！"""
NpcComOnSuccess#0,"""/face2 Looks like the Lillipans<br>got away somehow. Good.<br>Thanks for your hard work!"""
NpcComOnFailure#0,"""The Lillipans... <br>They vanished somewhere... <br>I think they're safe, probably..."""
NpcComOnFirstDamage#0,"""/face3 装置は敵さんの攻撃を受けると損傷して<br>爆発しちゃうかもしれないです！<br>敵さんの攻撃から守ってくださいー！"""
NpcComOnPinch#0,"""/face4 こ、これ以上装置が損傷すると<br>爆発してしまいますー！<br>しっかり守ってあげてください―！"""
