IncidentName#0,"""Defeat the $(0)"""
TrialBeginMsg#0,"""Defeat any $(0) you find!<br>You will fail if $(1) is incapacitated twice."""
TrialAbstract#0,"""Defeat any $(0) you find!<br>You will fail if $(1) is incapacitated twice."""
NpcComOnFailure#0,"""残念ですが、仕方がありません。<br>対象のアークスはこちらで回収を……<br>って、あれ……？\u3000反応消失……？"""
NpcComOnDownB#0,"""That ARKS can't handle this alone.<br>I recommend you retreat<br>should you fail again."""
NpcComOnFailure#1,"""……ここまでだ、仕方があるまい。<br>対象のアークスはこちらで回収を……<br>……何？\u3000反応が消失しただと……？"""
NpcComOnDownB#1,"""対象のアークスに負担がかかりすぎだ。<br>次、戦闘不能になった場合には<br>強制的に対象を撤退させるぞ。"""
NpcComOnFailure#2,"""……うう、残念ですけどここまでです。<br>対象のアークスさんを回収して……<br>って、あれあれっ？\u3000反応が消えた……？"""
NpcComOnDownB#2,"""ああっ、一緒に戦ってるアークスさんに<br>負担がかかりすぎです！\u3000次やられたら<br>無理矢理でも撤退させちゃいます！"""
