IncidentJsApcBegin#0,"""APC共闘開始"""
IncidentJsApcSuccess#0,"""APC共闘成功"""
IncidentJsApcFailure#0,"""APC共闘失敗"""
IncidentJsApcBeginEvo#0,"""APC共闘発展開始"""
IncidentJsApcSuccessEvo#0,"""APC共闘成功"""
IncidentJsApcBegin#1,"""/ci2 2 Looks like things are getting tough! Don't worry, I'm here!"""
IncidentJsApcSuccess#1,"""/ci2 1 Well, I need to head back now. That was tough, but all's well that ends well!"""
IncidentJsApcFailure#1,"""What the hell happened? That was rough... How will I live this down?"""
IncidentJsApcBeginEvo#1,"""APC共闘発展開始(仮）"""
IncidentJsApcSuccessEvo#1,"""/ci2 1 Well, I need to head back now. That was tough, but all's well that ends well!"""
IncidentJsApcBegin#2,"""/ci2 1 Ah, good timing! There seems to be a lot of them, so could you help me out?"""
IncidentJsApcSuccess#2,"""/ci2 3 Whew, somehow we did it... Thanks so much, you really saved me. See you later!"""
IncidentJsApcFailure#2,"""Ugh... I can't take this anymore... Sorry, but it looks like I'll be withdrawing first."""
IncidentJsApcBeginEvo#2,"""/ci3 1 Woah... something dangerous seems to be nearby... Let's proceed carefully!"""
IncidentJsApcSuccessEvo#2,"""/ci2 3 Whew, somehow we did it... Thanks so much, you really saved me. See you later!"""
IncidentJsApcBegin#3,"""/toge /ci2 Hey partner, am I glad to see you! Help me out, ok?"""
IncidentJsApcSuccess#3,"""/ci2 Mission complete! This is all thanks to you, partner!"""
IncidentJsApcFailure#3,"""This is more than I can handle. I have to withdraw. Sorry, partner..."""
IncidentJsApcBeginEvo#3,"""/toge /ci3 Mission complete! Wait, what's this? Something's coming!"""
IncidentJsApcSuccessEvo#3,"""/ci2 Mission complete! This is all thanks to you, partner!"""
IncidentJsApcBegin#4,"""/mn2 /ci1 2 す、すみません。<br>ここ、敵さんがいっぱいなんです。<br>手伝ってもらえませんか！"""
IncidentJsApcSuccess#4,"""/mn6 /ci2 2 よかった、チョコも無事でした！<br>これよかったら受け取ってください！<br>日ごろお世話になってるので、ぜひ！"""
IncidentJsApcFailure#4,"""/ci4 3 あげようと思ってたチョコが……！<br>すみません……<br>撤退させてもらいます。"""
IncidentJsApcSuccessEvo#4,"""/mn6 /ci2 2 よかった、チョコも無事でした！<br>これよかったら受け取ってください！<br>日ごろお世話になってるので、ぜひ！"""
IncidentJsApcBegin#5,"""/ci4 5 Ah, is that you? I wonder, if you have the time and don't mind the inconvenience... Could you lend me a hand?"""
IncidentJsApcSuccess#5,"""/ci2 1 Alright, it's over. I also collected some nice data, so thank you."""
IncidentJsApcFailure#5,"""I feel bad for this, but let me retreat! There's no point in continuing if it's impossible, is there?"""
IncidentJsApcBeginEvo#4,"""/ci4 5 Hmm... A new reaction? Well, why don't we proceed with caution?"""
IncidentJsApcSuccessEvo#5,"""/ci2 1 Alright, it's over. I also collected some nice data, so thank you."""
IncidentJsApcBegin#6,"""/ci2 1 A-aaah! You came at the perfect time! Help, please help me!"""
IncidentJsApcSuccess#6,"""/ci2 1 Phew... S-somehow, I'm okay... It's all over thanks to you. I'm grateful."""
IncidentJsApcFailure#6,"""Ugh... I was just looking for someone. Why did it have to turn out like this... I'm gonna retreat..."""
IncidentJsApcBeginEvo#5,"""/ci4 1 T-there's... more of them!? Ugh, I want to get out of here... Let's run away..."""
IncidentJsApcSuccessEvo#6,"""/ci2 1 Phew... S-somehow, I'm okay... It's all over thanks to you. I'm grateful."""
IncidentJsApcBegin#7,"""/ci2 1  I saw something I'd rather not get caught up in. Still, seems like I need to lend a hand."""
IncidentJsApcSuccess#7,"""/ci2 3 Nice fight! I'm glad I was here to enjoy it! Later!"""
IncidentJsApcFailure#7,"""Looks like this body isn't quite what it used to be..."""
IncidentJsApcBeginEvo#6,"""/ci1 2 Ah good. I was hoping that was just the warm-up!"""
IncidentJsApcSuccessEvo#7,"""/ci2 3 Nice fight! I'm glad I was here to enjoy it! Later!"""
IncidentJsApcBegin#8,"""/toge /ci3 1 ...You got careless! Guess I'll help you out. Let's get this over with!"""
IncidentJsApcSuccess#8,"""/ci2 2 Looks like it's over. That's it for me. I wonder if this could have been avoided..."""
IncidentJsApcFailure#8,"""I guess I can still improve. I'm sorry..."""
IncidentJsApcBeginEvo#7,"""APC共闘発展開始"""
IncidentJsApcSuccessEvo#8,"""/ci2 2 Looks like it's over. That's it for me. I wonder if this could have been avoided..."""
IncidentJsApcBegin#9,"""/ci2 Looks like I lucked out. How about a little help here?"""
IncidentJsApcSuccess#9,"""/ci2 Mission clear. Thanks for the save!"""
IncidentJsApcFailure#9,"""Looks like I bit off more than I could chew. I better pull back..."""
IncidentJsApcBeginEvo#8,"""/ci4 Looks like we're not done yet!"""
IncidentJsApcSuccessEvo#9,"""/ci2 Mission clear. Thanks for the save!"""
IncidentJsApcBegin#10,"""/mn2 /ci1 2 す、すみません。<br>ここ、敵さんがいっぱいなんです。<br>手伝ってもらえませんか！"""
IncidentJsApcSuccess#10,"""/mn6 /ci2 2 よかった、チョコも無事でした！<br>これよかったら受け取ってください！<br>日ごろお世話になってるので、ぜひ！"""
IncidentJsApcFailure#10,"""/ci4 3 あげようと思ってたチョコが……！<br>すみません……<br>撤退させてもらいます。"""
IncidentJsApcSuccessEvo#10,"""/mn6 /ci2 2 よかった、チョコも無事でした！<br>これよかったら受け取ってください！<br>日ごろお世話になってるので、ぜひ！"""
IncidentJsApcBegin#11,"""/ci2 1 Oh, thank you for coming by! Such a large amount of enemies! If it's okay, could you help me out?"""
IncidentJsApcSuccess#11,"""/ci2 1 Well, looks like victory, thanks to you guys! We appear to be safe."""
IncidentJsApcFailure#11,"""Ugh, this is how it is... Sorry, retreat."""
IncidentJsApcBeginEvo#9,"""/ci3 1 This atmosphere... Maybe a newcomer appeared... Please pay attention and prepare yourself."""
IncidentJsApcSuccessEvo#11,"""/ci2 1 Well, looks like victory, thanks to you guys! We appear to be safe."""
IncidentJsApcBegin#12,"""/toge /ci1 1 We can do this! We're ARKS! I might be old, but I can't be stopped!"""
IncidentJsApcSuccess#12,"""/toge /ci2 1 Well, well. We succeeded and I live to fight another day."""
IncidentJsApcFailure#12,"""Ugh..not again. Maybe it's time for me to retire."""
IncidentJsApcBeginEvo#10,"""/toge /ci3 1 Hey, rookie! Take it easy on these old bones!"""
IncidentJsApcSuccessEvo#12,"""/toge /ci2 1 Well, well. We succeeded and I live to fight another day."""
IncidentJsApcBegin#13,"""/toge /mn9 /ci2 1 Uh-oh! ...H-hey! Looks like I got lucky! Can you give me a hand?"""
IncidentJsApcSuccess#13,"""/mn15 /ci2 4 Dude, that was great! We're number one!"""
IncidentJsApcFailure#13,"""Nnn...no...I did my best. Sorry...I'm heading back..."""
IncidentJsApcBeginEvo#11,"""/mn2 /ci2 1 What? Wait a minute! What's going on?!"""
IncidentJsApcSuccessEvo#13,"""/mn15 /ci2 4 Dude, that was great! We're number one!"""
IncidentJsApcBegin#14,"""/ci5 2 Oh my, oh my...<br>So much prey appeared<br>and you never called me along?"""
IncidentJsApcSuccess#14,"""/ci4 3 Oh, was that the end already?<br>That's not fair... The battle should have kept going!<br>Oh well, looks like Lisa is gonna casually leave."""
IncidentJsApcFailure#14,"""...Hmmm, Lisa got bored<br>somehow. Time to return...<br>Well then, take care!"""
IncidentJsApcBeginEvo#12,"""APC共闘発展開始"""
IncidentJsApcSuccessEvo#14,"""/ci4 3 Oh, was that the end already?<br>That's not fair... The battle should have kept going!<br>Oh well, looks like Lisa is gonna casually leave."""
IncidentJsApcBegin#15,"""/mn10 /ci4 5 Ugh... I could use some help here... Sorry, I know it's dangerous..."""
IncidentJsApcSuccess#15,"""/ci4 1 Is this over? Phew... I, at least, survived. I don't want to fight that much..."""
IncidentJsApcFailure#15,"""...Futility is a big no-no for me. Sorry, I'll be returning."""
IncidentJsApcBeginEvo#13,"""/mn10 /ci4 5 Hey,there's something coming this way... Why am I so thrilled for it to appear...?"""
IncidentJsApcSuccessEvo#15,"""/ci4 1 Is this over? Phew... I, at least, survived. I don't want to fight that much..."""
IncidentJsApcBegin#16,"""/toge /ci1 3 Hey, hold your horses. I could use some help here."""
IncidentJsApcSuccess#16,"""/ci1 3 Hmm, impressive technique, but you still have much to learn. Keep your eyes open!"""
IncidentJsApcFailure#16,"""It appears I've been on desk work too long. I apologize, I have to retreat."""
IncidentJsApcBeginEvo#14,"""/ci5 3 They're still coming...? They must not value their lives."""
IncidentJsApcSuccessEvo#16,"""/ci1 3 Hmm, impressive technique, but you still have much to learn. Keep your eyes open!"""
IncidentJsApcBegin#17,"""/ci2 3 おい、貴様！\u3000貴様だ貴様！<br>ちょうど用事があったところだ。<br>……むっ、敵がいるな！"""
IncidentJsApcSuccess#17,"""/ci2 5 ふふん、楽勝だな！<br>そうだ、貴様にこれをやろう！<br>私の作ったチョコだ！\u3000受け取れ！"""
IncidentJsApcFailure#17,"""/ci4 3 むぅ……チョコが台無しだな。<br>これでは渡すこともできないし<br>一度、私は帰る！"""
IncidentJsApcSuccessEvo#17,"""/ci2 5 ふふん、楽勝だな！<br>そうだ、貴様にこれをやろう！<br>私の作ったチョコだ！\u3000受け取れ！"""
IncidentJsApcBegin#18,"""/ci1 2 あなたに渡したいものがあったのですが<br>敵が現れてしまいましたね。<br>まずは協力して片付けてしまいましょう"""
IncidentJsApcSuccess#18,"""/ci2 3 助かりました。<br>お世話になっているお礼も兼ねて<br>こちらを受け取っていただけませんか？"""
IncidentJsApcFailure#18,"""/ci4 3 申し訳ありません……<br>私は一度、撤退します。"""
IncidentJsApcSuccessEvo#18,"""/ci2 3 助かりました。<br>お世話になっているお礼も兼ねて<br>こちらを受け取っていただけませんか？"""
IncidentJsApcBegin#19,"""/toge /ci2 1 ふはははっ！\u3000六芒均衡ヒューイ推参！<br>存外に苦戦しているようだな！<br>大丈夫だ！\u3000ここはオレに任せろ！"""
IncidentJsApcSuccess#19,"""/toge /ci2 1 オレにかかればこの程度造作もない！<br>また困ったことがあれば呼んでくれ！<br>オレはいつでも、そばにいるぞ！"""
IncidentJsApcFailure#19,"""/toge /ci2 1 オレが負ける……オレが敗北……！？<br>申し訳ない、先に退かせてもらう！"""
IncidentJsApcBeginEvo#15,"""/toge /ci2 むむっ……さらなる悪意の気配！<br>おかわりというやつだな！<br>いいだろう、オレが相手をしてやろう！"""
IncidentJsApcSuccessEvo#19,"""/toge /ci2 1 オレにかかればこの程度造作もない！<br>また困ったことがあれば呼んでくれ！<br>オレはいつでも、そばにいるぞ！"""
IncidentJsApcBegin#20,"""/toge /ci3 Together again! I'll help!"""
IncidentJsApcSuccess#20,"""/ci2 We're a good team! Great job! I'm heading back...!"""
IncidentJsApcFailure#20,"""This mission...it was too much..."""
IncidentJsApcBeginEvo#16,"""む、新手か！<br>気を抜くなよ！"""
IncidentJsApcSuccessEvo#20,"""/ci2 We're a good team! Great job! I'm heading back...!"""
IncidentJsApcBegin#21,"""/ci3 2 It seems that I'm surrounded... I'll need your cooperation."""
IncidentJsApcSuccess#21,"""/ci2 2 It looks like we're done here. Well then, I'll be going."""
IncidentJsApcFailure#21,"""How did something so simple...? I'm sorry, I'll retreat."""
IncidentJsApcSuccessEvo#21,"""/ci2 2 It looks like we're done here. Well then, I'll be going."""
IncidentJsApcBegin#22,"""/ci4 2 Good thing you're here.<br>Help me out a little."""
IncidentJsApcSuccess#22,"""/ci2 2 ...Anyway, you have my thanks."""
IncidentJsApcFailure#22,"""I overestimated myself...<br>I'll have to retreat."""
IncidentJsApcBeginEvo#17,"""/ci5 2 ...This presence.<br>Tsk, something's coming!"""
IncidentJsApcSuccessEvo#22,"""/ci2 2 ...Anyway, you have my thanks."""
IncidentJsApcBegin#23,"""/mn2 /ci4 3 C-captain!<br>Sorry, but could you help me out please?<br>A lot of enemies appeared out of nowhere!"""
IncidentJsApcSuccess#23,"""/mn15 /ci2 1 Somehow we pulled through...<br>Thanks for your help, captain!"""
IncidentJsApcFailure#23,"""/mn7 Uuu... Sorry...<br>I can't take anymore..."""
IncidentJsApcBeginEvo#18,"""Wawah, Wawawah...! I think something else is happening..."""
IncidentJsApcSuccessEvo#23,"""/mn15 /ci2 1 Somehow we pulled through...<br>Thanks for your help, captain!"""
IncidentJsApcBegin#24,"""/ci2 1 S-sir!<br>I'm in a real bind all on my own here!<br>I hate to ask, but could you give me a hand?"""
IncidentJsApcSuccess#24,"""/ci2 1 We did it!<br>We managed to fight 'em off!<br>It's all thanks to you, sir!"""
IncidentJsApcFailure#24,"""...I'm real sorry, sir.<br>I'm gonna have to pull out."""
IncidentJsApcBeginEvo#19,"""Woah, oh man!<br>Something new's popping up!<br>I guess we're not quite done yet, sir!"""
IncidentJsApcSuccessEvo#24,"""/ci2 1 We did it!<br>We managed to fight 'em off!<br>It's all thanks to you, sir!"""
IncidentJsApcBegin#25,"""/ci1 3 It's not part of your mission, but... <br>I alone can't handle this."""
IncidentJsApcSuccess#25,"""/ci1 5 Nothing is more important than helping each other. <br>So long!"""
IncidentJsApcFailure#25,"""Forgive me..."""
IncidentJsApcSuccessEvo#25,"""/ci1 5 Nothing is more important than helping each other. <br>So long!"""
IncidentJsApcBegin#26,"""/ci1 3  ...There's so many of them. I will help with the extermination."""
IncidentJsApcSuccess#26,"""/ci1 5 Well then, I'll move on to my next mission."""
IncidentJsApcFailure#26,"""How could I let this happen...? How pathetic..."""
IncidentJsApcSuccessEvo#26,"""/ci1 5 Well then, I'll move on to my next mission."""
IncidentJsApcBegin#27,"""/toge /ci1 1 Nyah! Toro will work hard! Let's prey for success!"""
IncidentJsApcSuccess#27,"""/toge /mn37 /ci2 4 Kyehehe! We won! Mewsic to Toro's ears!"""
IncidentJsApcFailure#27,"""/mn2 /ci4 1 Hissss! What a catastrophe!"""
IncidentJsApcSuccessEvo#27,"""/toge /mn37 /ci2 4 Kyehehe! We won! Mewsic to Toro's ears!"""
IncidentJsApcBegin#28,"""/toge /ci1 1 Ah good, a friend, nya! We can't lose, nya!"""
IncidentJsApcSuccess#28,"""/toge /mn17 /ci2 4 We did it, nya! Time to claim my prize, nya! ...Caaaannnddyyy...nyaaa"""
IncidentJsApcFailure#28,"""/mn30 /ci4 1 It would seem...the candy of life is...bitter sweet...nya..."""
IncidentJsApcSuccessEvo#28,"""/toge /mn17 /ci2 4 We did it, nya! Time to claim my prize, nya! ...Caaaannnddyyy...nyaaa"""
IncidentJsApcBegin#29,"""/ci2 1 Ah, good timing! There seems to be a lot of them, so could you help me out?"""
IncidentJsApcSuccess#29,"""/ci2 3 Whew, somehow we did it... Thanks so much, you really saved me. See you later!"""
IncidentJsApcFailure#29,"""Ugh... I can't take this anymore... Sorry, but it looks like I'll be withdrawing first."""
IncidentJsApcBeginEvo#20,"""/ci3 1 Woah... something dangerous seems to be nearby... Let's proceed carefully!"""
IncidentJsApcSuccessEvo#29,"""/ci2 3 Whew, somehow we did it... Thanks so much, you really saved me. See you later!"""
IncidentJsApcBegin#30,"""/mn15 /toge /ci2 1 Nice timing!<br>Think you could give me a hand?"""
IncidentJsApcSuccess#30,"""/toge /ci2 1 Phew, thanks a lot!<br>Couldn't'a done it without you!<br>Thank you, thanks a ton!"""
IncidentJsApcFailure#30,"""Crap...!<br>Sorry, I'll get outta your hair..."""
IncidentJsApcBeginEvo#21,"""/ci4 5 Woah, what? Something else is comin' now."""
IncidentJsApcSuccessEvo#30,"""/toge /ci2 1 Phew, thanks a lot!<br>Couldn't'a done it without you!<br>Thank you, thanks a ton!"""
IncidentJsApcBegin#31,"""/toge /ci3 1 ...You got careless! Guess I'll help you out. Let's get this over with!"""
IncidentJsApcSuccess#31,"""/ci2 2 Looks like it's over. That's it for me. I wonder if this could have been avoided..."""
IncidentJsApcFailure#31,"""I guess I can still improve. I'm sorry..."""
IncidentJsApcBeginEvo#22,"""/ci3 1 ……まだ来るみたいね。<br>ほら、さっさと片付けるわよ！"""
IncidentJsApcSuccessEvo#31,"""/ci2 2 Looks like it's over. That's it for me. I wonder if this could have been avoided..."""
IncidentJsApcBegin#32,"""/ci2 2 あ、センパイ！<br>渡したいものがあるんだが……<br>悪い、その前にちょっと手伝ってくれ！"""
IncidentJsApcSuccess#32,"""/mn6 /ci2 2 ありがとな、センパイ。<br>……あとこれ、貰ってくれないか。<br>いつも世話になってるからさ。"""
IncidentJsApcFailure#32,"""/ci4 3 悪い、センパイ。<br>一度出直してくるよ……"""
IncidentJsApcSuccessEvo#32,"""/mn6 /ci2 2 ありがとな、センパイ。<br>……あとこれ、貰ってくれないか。<br>いつも世話になってるからさ。"""
IncidentJsApcBegin#33,"""/ci1 3  ...There's so many of them. I will help with the extermination."""
IncidentJsApcSuccess#33,"""/ci1 5 Well then, I'll move on to my next mission."""
IncidentJsApcFailure#33,"""How could I let this happen...? How pathetic..."""
IncidentJsApcSuccessEvo#33,"""/ci1 5 Well then, I'll move on to my next mission."""
IncidentJsApcBegin#34,"""/ci3 2 あら、もしよかったら<br>手伝ってくれると<br>うれしいのだけれど"""
IncidentJsApcSuccess#34,"""/ci2 2 ありがとう<br>また、ロビーで会いましょう"""
IncidentJsApcFailure#34,"""ごめんなさい、限界みたい<br>撤退させてもらうわ"""
IncidentJsApcBeginEvo#23,"""あら、新手かしら？"""
IncidentJsApcSuccessEvo#34,"""/ci2 2 ありがとう<br>また、ロビーで会いましょう"""
IncidentJsApcBegin#35,"""/ci3 2 悪いが、手伝って貰えるか<br>想像以上に手間がかかっている"""
IncidentJsApcSuccess#35,"""/ci2 2 助太刀感謝する<br>この礼は、いずれ"""
IncidentJsApcFailure#35,"""くっ……こんな無様な真似を……<br>撤退する、後を頼む"""
IncidentJsApcBeginEvo#24,"""まだ来るようだな"""
IncidentJsApcSuccessEvo#35,"""/ci2 2 助太刀感謝する<br>この礼は、いずれ"""
IncidentJsApcBegin#36,"""/ci3 2 ちょうどいいところに！<br>手間取ってるの、協力して！"""
IncidentJsApcSuccess#36,"""/ci2 2 おかげで助かったわ<br>その……ありがとう"""
IncidentJsApcFailure#36,"""……ここまでなの？<br>ごめんなさい、撤退します"""
IncidentJsApcBeginEvo#25,"""まだ来るみたいね<br>少しは休ませてほしいわ"""
IncidentJsApcSuccessEvo#36,"""/ci2 2 おかげで助かったわ<br>その……ありがとう"""
IncidentJsApcBegin#37,"""/ci3 2 すみません<br>少々手間取っているので<br>協力してもらえませんか？"""
IncidentJsApcSuccess#37,"""/ci2 2 ありがとうございます<br>助かりました"""
IncidentJsApcFailure#37,"""ここまで、なんですね……<br>すみません、撤退します"""
IncidentJsApcBeginEvo#26,"""……まだ来るみたいですね"""
IncidentJsApcSuccessEvo#37,"""/ci2 2 ありがとうございます<br>助かりました"""
IncidentJsApcBegin#38,"""/ci2 3 ああ、貴方様ではありませんか！<br>敵の数が多くて困っていまして……<br>手伝っていただけませんか！"""
IncidentJsApcSuccess#38,"""/mn6 /ci2 2 助かりましたわ！<br>お礼というわけではありませんが<br>受け取っていただけると嬉しいですわ！"""
IncidentJsApcFailure#38,"""/ci4 3 きゅう……私のチョコが……<br>すみませんが、一度撤退します。"""
IncidentJsApcSuccessEvo#38,"""/mn6 /ci2 2 助かりましたわ！<br>お礼というわけではありませんが<br>受け取っていただけると嬉しいですわ！"""
IncidentJsApcBegin#39,"""/ci2 3 おい、貴様！\u3000貴様だ貴様！<br>ちょうど用事があったところだ。<br>……むっ、敵がいるな！"""
IncidentJsApcSuccess#39,"""/ci2 5 ふふん、楽勝だな！<br>そうだ、貴様にこれをやろう！<br>私の作ったチョコだ！\u3000受け取れ！"""
IncidentJsApcFailure#39,"""/ci4 3 むぅ……チョコが台無しだな。<br>これでは渡すこともできないし<br>一度、私は帰る！"""
IncidentJsApcSuccessEvo#39,"""/ci2 5 ふふん、楽勝だな！<br>そうだ、貴様にこれをやろう！<br>私の作ったチョコだ！\u3000受け取れ！"""
