PreBegin#0,"""どんなやつが来ようと<br>オレっちに不可能はないみャ！"""
Begin#0,"""/toge /ci1 1 ふっ、一撃で決めるみャ！<br>オレっちの射撃は世界いちぃぃぃ！"""
Success#0,"""/toge /mn17 /ci2 4 We did it, nya! Time to claim my prize, nya! ...Caaaannnddyyy...nyaaa"""
Failure#0,"""/mn30 /ci4 1 It would seem...the candy of life is...bitter sweet...nya..."""
Dead#0,"""Candy god... your child returns to you... nya..."""
BuddyDead#0,"""You have amazingly bad luck, nya!"""
TargetDead#0,"""またメセタサークルみャ～～！<br>レアアイテムを出してほしいみャ！"""
