PreBegin#0,"""な、なんか嫌なヨカンがするニャ…"""
Begin#0,"""/toge /ci1 1 すっごく強そうな敵が出てきたニャ～！<br>一緒にやっつけてほしいのニャ！"""
Success#0,"""/toge /mn37 /ci2 4 Kyehehe! We won! Mewsic to Toro's ears!"""
Failure#0,"""/mn2 /ci4 1 Hissss! What a catastrophe!"""
Dead#0,"""Nyaaaah... Time for a little cat nap..."""
BuddyDead#0,"""うわ～ん！\u3000クロが<br>いなくなったら イヤなのニャ～"""
TargetDead#0,"""やっつけたのニャ～！<br>みんなで力を合わせて共闘すれば<br>どんな敵も倒せるニャ！"""
