Begin#0,"""開始5230"""
Success#0,"""成功5230"""
Failure#0,"""失敗5230"""
Dead#0,"""自分死亡5230"""
BuddyDead#0,"""相手死亡5230"""
Evolution#0,"""発展5230"""
Begin#1,"""/ci1 1 ……アフィンの言うとおり<br>ちょっと手伝ってもらえると助かる。<br>少し、手がかかりそうだから。"""
Success#1,"""/ci2 1 ……お礼、言っておくわ。<br>ありがとう。それじゃあね。"""
Failure#1,"""残念な結果だけど、仕方ない。<br>……次で、挽回させてもらうから"""
Dead#1,"""...I'm sorry for holding us back."""
BuddyDead#1,"""アフィン……！？<br>アンタ達……絶対に、許さないわよ！"""
