PreBegin#0,"""むっ……！<br>この感じ…何かが近くに居るみャ！"""
Begin#0,"""/toge /ci1 1 とうとうオレっちのコスプレをする<br>エネミーが出てきたのかみャ！？<br>くぅ～！\u3000人気者はつらいみャ！"""
Success#0,"""/toge /mn17 /ci2 4 We did it, nya! Time to claim my prize, nya! ...Caaaannnddyyy...nyaaa"""
Failure#0,"""/mn30 /ci4 1 It would seem...the candy of life is...bitter sweet...nya..."""
Dead#0,"""Candy god... your child returns to you... nya..."""
BuddyDead#0,"""You have amazingly bad luck, nya!"""
TargetDead#0,"""ふんっ！<br>所詮フェイクはフェイク！<br>オレっちにはかなわないようだみャ！"""
