IncidentName#0,"""Fix HP Restoration"""
TrialBeginMsg#0,"""Resolve the issue preventing HP restoration!"""
TrialAbstract#0,"""Resolve the issue preventing HP restoration!"""
NpcComOnBegin#0,"""/face2 Oh, the training devices have started up! This is... healing reduction! Now healing will become harder!"""
NpcComOnSuccess#0,"""/face2 Okay, you stopped the training devices! The training should be over now!"""
DirectionSwitch#0,"""/face2 To stop the training, operate the switches placed around. There's more than one!"""
DirectionNoSwitch#0,"""/face2 Whaaa? The switches did not appear... Ah, whatever! Let's start anyway!"""
SwitchFirst#0,"""/face2 There are $(0) stop switches.<br>Do your best to press them all!"""
SwitchLast#0,"""/face2 There are $(0) stop switches left!<br>Keep going, you can do it!"""
