IncidentName#0,"""Defeat all enemies!"""
TrialBeginMsg#0,"""Defeat all enemies, but watch your step!"""
TrialAbstract#0,"""Defeat all enemies, but watch your step!"""
NpcComOnBegin#0,"""/face2 Ah, the field seems to have changed into training mode!"""
NpcComOnSuccess#0,"""/face2 That's the end of the training! You did a really good job!"""
DirectionAim#0,"""It's only the frame. The tracking feature isn't used for now."""
DirectionRandom#0,"""/face2 There's now damage zones that constantly change. There's several of them, so pay attention to your footing!"""
DamageHalf#0,"""/face2 It's getting more and more dangerous, so hurry up already!"""
DamageMax#0,"""/face2 Wow, you can still fight even in this condition... Awesome!"""
