Title#0,"""T:트릭 오어 트리트 2018!"""
Explanation#0,"""아크스 전원에게 긴급 연락.<br>행성 리리파의 할로윈 행사장에서<br>다커와 기갑종의 출현을 확인했다.<br>각 아크스는 신속히 출격해<br>현지에 배치된 격퇴용 병기도 사용하여<br>행사장의 안전을 확보하라.<br>――――――――――――――――――――<br>실패 조건/제한 시간 경과"""
SimpleExplanation#0,"""최심부를 향하라!"""
NpcComMsg1#0,"""그럼 전송 준비를 시작합니다!<br>이번 작전은 할로윈 행사장 주변의<br>적을 전부 청소하는 것입니다!"""
NpcComMsg2#0,"""현지에서는 다커와 기갑종의<br>반응이 확인되고……어, 어라?<br>안쪽에 강한 적대 반응도 나타났어요!"""
NpcComMsg3#0,"""아, 하지만!\u3000여러분이 유리하게<br>싸울 수 있도록 준비해 뒀으니<br>잘 활용해서 힘내 주세요!"""
a1#0,"""특정 클라이언트 오더 클리어"""
a2#0,"""특정 클라이언트 오더 클리어"""
a3#0,"""슈퍼 하드 수주 허가증 소지"""
a4#0,"""슈퍼 하드 수주 허가증 소지"""
