name_7002#0,"""아이나"""
name_7001#0,"""마논"""
name_7034#0,"""루시아"""
msn_041060_0010#0,"""리템 시티, 오랜만이네.<br>예전과 비교하면 사람들의 분위기가 조금 차분해진 것 같아."""
msn_041060_0020#0,"""모래와 바위뿐인데 여기에도 사람이 사는구나.<br>센트럴 시티보다 작지만 그래도 제대로 \""도시\""라는 느낌이 들어."""
msn_041060_0030#0,"""그리고 어디선가 소리가 들려.<br>전투 소리도, 사람이 생활하는 소리도 아닌… 아름다운 소리."""
msn_041060_0040#0,"""이건 \""음악\""이야.<br>리템에서는 음악과 노래가 사람들의 마음을 이어 주고 있어."""
msn_041060_0050#0,"""사람의 마음을 잇는 소리… 신기해.<br>왠지 가슴속이 따뜻해지는 것 같아."""
msn_041060_0060#0,"""응. 그게 음악의 힘일지도 모르겠네."""
msn_041060_0070#0,"""자, 나데레프에게서 이따 도시 밖에서 만나자는<br>연락이 왔어. 가 보자."""
